id,key,self,resolutiondate,created,commentlength,tone,relevance,descriptive
'13091402', 'DBCP-477', 'https://issues.apache.org/jira/rest/api/2/issue/13091402', NULL, '2017-07-31T23:27:19.000+0000',130,frustrated,1,1
'12542094', 'IMAP-358', 'https://issues.apache.org/jira/rest/api/2/issue/12542094', NULL, '2012-02-10T09:00:38.000+0000',34,neutral,1,1
'12903690', 'WAGON-446', 'https://issues.apache.org/jira/rest/api/2/issue/12903690', NULL, '2015-10-09T10:38:46.000+0000',110,frustrated,1,1
'12979784', 'ACE-595', 'https://issues.apache.org/jira/rest/api/2/issue/12979784', NULL, '2016-06-16T11:45:17.000+0000',701,frustrated,1,1
'13425246', 'PDFBOX-5371', 'https://issues.apache.org/jira/rest/api/2/issue/13425246', NULL, '2022-01-27T19:06:56.000+0000',605,frustrated,1,1
'13312120', 'MASFRES-34', 'https://issues.apache.org/jira/rest/api/2/issue/13312120', NULL, '2020-06-18T06:56:14.000+0000',436,neutral,1,1
'13251425', 'GORA-624', 'https://issues.apache.org/jira/rest/api/2/issue/13251425', NULL, '2019-08-18T04:16:10.000+0000',86,professional,1,1
'13440938', 'SPARK-38983', 'https://issues.apache.org/jira/rest/api/2/issue/13440938', NULL, '2022-04-21T14:07:14.000+0000',571,neutral,1,1
'31369', 'XMLBEANS-137', 'https://issues.apache.org/jira/rest/api/2/issue/31369', NULL, '2005-04-02T09:05:23.000+0000',318,neutral,1,1
'12553156', 'IVYDE-302', 'https://issues.apache.org/jira/rest/api/2/issue/12553156', NULL, '2012-04-27T15:38:27.000+0000',103,neutral,1,1
'12407842', 'PROXY-14', 'https://issues.apache.org/jira/rest/api/2/issue/12407842', NULL, '2008-11-05T10:56:07.000+0000',899,professional,1,1
'12363027', 'TRIPLES-3', 'https://issues.apache.org/jira/rest/api/2/issue/12363027', NULL, '2007-02-16T15:14:48.000+0000',278,neutral,1,1
'12531916', 'WSCOMMONS-576', 'https://issues.apache.org/jira/rest/api/2/issue/12531916', NULL, '2011-11-18T10:47:25.000+0000',295,neutral,1,1
'13367734', 'BLUEMARLIN-6', 'https://issues.apache.org/jira/rest/api/2/issue/13367734', NULL, '2021-03-26T00:08:53.000+0000',137,neutral,1,1
'13225657', 'STATISTICS-8', 'https://issues.apache.org/jira/rest/api/2/issue/13225657', NULL, '2019-04-02T22:52:40.000+0000',195,professional,1,1
'12729908', 'CMIS-825', 'https://issues.apache.org/jira/rest/api/2/issue/12729908', NULL, '2014-07-25T20:25:49.000+0000',201,neutral,1,1
'12842011', 'POLYGENE-39', 'https://issues.apache.org/jira/rest/api/2/issue/12842011', NULL, '2015-07-01T14:33:31.000+0000',314,neutral,1,1
'12424380', 'KATO-5', 'https://issues.apache.org/jira/rest/api/2/issue/12424380', NULL, '2009-05-01T10:04:13.000+0000',157,neutral,1,1
'13360092', 'INFRACLOUD1-2', 'https://issues.apache.org/jira/rest/api/2/issue/13360092', NULL, '2021-02-22T12:17:43.000+0000',719,neutral,1,1
'13225133', 'EAGLE-1094', 'https://issues.apache.org/jira/rest/api/2/issue/13225133', NULL, '2019-03-31T21:45:48.000+0000',101,professional,1,1
'13295086', 'JUNEAU-209', 'https://issues.apache.org/jira/rest/api/2/issue/13295086', NULL, '2020-03-30T20:45:34.000+0000',201,professional,1,1
'12427201', 'EXLBR-40', 'https://issues.apache.org/jira/rest/api/2/issue/12427201', NULL, '2009-06-05T10:48:15.000+0000',186,neutral,1,1
'12694582', 'HDFS-5931', 'https://issues.apache.org/jira/rest/api/2/issue/12694582', NULL, '2014-02-11T20:22:35.000+0000',156,neutral,1,1
'13244188', 'IMAGING-231', 'https://issues.apache.org/jira/rest/api/2/issue/13244188', NULL, '2019-07-10T22:34:24.000+0000',107,neutral,1,1
'13433531', 'MWRAPPER-59', 'https://issues.apache.org/jira/rest/api/2/issue/13433531', NULL, '2022-03-13T17:54:59.000+0000',181,professional,1,1
'13393413', 'COMPRESS-586', 'https://issues.apache.org/jira/rest/api/2/issue/13393413', NULL, '2021-08-04T08:06:01.000+0000',287,frustrated,1,1
'12825066', 'TAVERNA-778', 'https://issues.apache.org/jira/rest/api/2/issue/12825066', NULL, '2013-04-08T10:40:32.000+0000',131,professional,1,1
'12936417', 'FC-146', 'https://issues.apache.org/jira/rest/api/2/issue/12936417', NULL, '2016-02-03T18:42:13.000+0000',49,frustrated,1,1
'12612995', 'PLUTO-622', 'https://issues.apache.org/jira/rest/api/2/issue/12612995', NULL, '2012-10-22T16:21:05.000+0000',83,neutral,1,1
'12531501', 'JCRSERVLET-6', 'https://issues.apache.org/jira/rest/api/2/issue/12531501', NULL, '2011-11-15T17:13:28.000+0000',421,neutral,1,1
'13410962', 'IOTDB-1982', 'https://issues.apache.org/jira/rest/api/2/issue/13410962', NULL, '2021-11-10T03:30:11.000+0000',332,professional,1,1
'13395947', 'SDAP-326', 'https://issues.apache.org/jira/rest/api/2/issue/13395947', NULL, '2021-08-18T17:20:56.000+0000',196,professional,1,1
'12614946', 'EXTSCRIPT-180', 'https://issues.apache.org/jira/rest/api/2/issue/12614946', NULL, '2012-11-06T12:59:36.000+0000',122,casual,1,1
'13420658', 'FTPSERVER-504', 'https://issues.apache.org/jira/rest/api/2/issue/13420658', NULL, '2022-01-04T20:01:44.000+0000',182,professional,1,1
'12328327', 'XERCESP-43', 'https://issues.apache.org/jira/rest/api/2/issue/12328327', NULL, '2004-07-25T14:26:41.000+0000',323,neutral,1,1
'12498503', 'SMX4-759', 'https://issues.apache.org/jira/rest/api/2/issue/12498503', NULL, '2011-02-14T07:55:44.000+0000',303,frustrated,1,1
'13181378', 'KNOX-1425', 'https://issues.apache.org/jira/rest/api/2/issue/13181378', NULL, '2018-08-27T14:23:07.000+0000',708,neutral,1,1
'12443949', 'ESME-148', 'https://issues.apache.org/jira/rest/api/2/issue/12443949', NULL, '2009-12-21T22:58:09.000+0000',693,neutral,1,1
'13377681', 'TM-124', 'https://issues.apache.org/jira/rest/api/2/issue/13377681', NULL, '2021-05-10T20:03:34.000+0000',612,neutral,1,1
'13102784', 'MJMOD-4', 'https://issues.apache.org/jira/rest/api/2/issue/13102784', NULL, '2017-09-16T16:59:32.000+0000',131,neutral,1,1
'13321478', 'LOG4J2-2904', 'https://issues.apache.org/jira/rest/api/2/issue/13321478', NULL, '2020-08-07T09:27:18.000+0000',756,professional,1,1
'13266193', 'OGNL-260', 'https://issues.apache.org/jira/rest/api/2/issue/13266193', NULL, '2019-11-04T21:35:38.000+0000',211,professional,1,1
'13472303', 'FREEMARKER-208', 'https://issues.apache.org/jira/rest/api/2/issue/13472303', NULL, '2022-07-19T15:17:35.000+0000',994,professional,1,1
'13086227', 'CRUNCH-650', 'https://issues.apache.org/jira/rest/api/2/issue/13086227', NULL, '2017-07-11T11:44:32.000+0000',807,professional,1,1
'13148654', 'MSOURCES-113', 'https://issues.apache.org/jira/rest/api/2/issue/13148654', NULL, '2018-03-28T18:23:33.000+0000',412,frustrated,1,1
'28688', 'EWS-1', 'https://issues.apache.org/jira/rest/api/2/issue/28688', NULL, '2004-12-02T07:34:26.000+0000',117,neutral,1,1
'12422683', 'DBUTILS-55', 'https://issues.apache.org/jira/rest/api/2/issue/12422683', NULL, '2009-04-13T06:02:53.000+0000',142,professional,1,1
'12995165', 'OAK-4649', 'https://issues.apache.org/jira/rest/api/2/issue/12995165', NULL, '2016-08-05T09:56:24.000+0000',110,professional,1,1
'12435846', 'FTPSERVER-333', 'https://issues.apache.org/jira/rest/api/2/issue/12435846', NULL, '2009-09-16T16:44:37.000+0000',595,neutral,1,1
'13158850', 'COMMONSSITE-111', 'https://issues.apache.org/jira/rest/api/2/issue/13158850', NULL, '2018-05-12T01:55:51.000+0000',128,neutral,1,1
'12792123', 'CONTINUUM-1934', 'https://issues.apache.org/jira/rest/api/2/issue/12792123', NULL, '2008-10-15T09:12:58.000+0000',792,frustrated,1,1
'13241394', 'AMATERASU-81', 'https://issues.apache.org/jira/rest/api/2/issue/13241394', NULL, '2019-06-25T06:18:41.000+0000',140,professional,1,1
'12906057', 'CONCERTED-7', 'https://issues.apache.org/jira/rest/api/2/issue/12906057', NULL, '2015-10-19T19:47:24.000+0000',316,neutral,1,1
'13373473', 'AMBARI-25664', 'https://issues.apache.org/jira/rest/api/2/issue/13373473', NULL, '2021-04-19T07:09:13.000+0000',280,professional,1,1
'30864', 'APOLLO-13', 'https://issues.apache.org/jira/rest/api/2/issue/30864', NULL, '2005-03-15T01:47:39.000+0000',381,neutral,1,1
'13198854', 'CRAIL-85', 'https://issues.apache.org/jira/rest/api/2/issue/13198854', NULL, '2018-11-16T09:41:57.000+0000',159,neutral,1,1
'13404422', 'SUREFIRE-1948', 'https://issues.apache.org/jira/rest/api/2/issue/13404422', NULL, '2021-10-01T07:08:35.000+0000',241,frustrated,1,1
'13016098', 'COMMONSRDF-48', 'https://issues.apache.org/jira/rest/api/2/issue/13016098', NULL, '2016-10-28T10:10:32.000+0000',765,neutral,1,1
'12362983', 'HERALDRY-4', 'https://issues.apache.org/jira/rest/api/2/issue/12362983', NULL, '2007-02-16T04:45:21.000+0000',245,neutral,1,1
'12341917', 'EL-7', 'https://issues.apache.org/jira/rest/api/2/issue/12341917', NULL, '2004-12-04T22:38:39.000+0000',1087,professional,1,1
'12658583', 'FLUME-2129', 'https://issues.apache.org/jira/rest/api/2/issue/12658583', NULL, '2013-07-18T18:30:21.000+0000',358,frustrated,1,1
'12342769', 'RESOURCES-18', 'https://issues.apache.org/jira/rest/api/2/issue/12342769', NULL, '2005-12-01T08:37:30.000+0000',695,casual,1,1
'12506181', 'WHIRR-295', 'https://issues.apache.org/jira/rest/api/2/issue/12506181', NULL, '2011-05-04T14:53:04.000+0000',80,frustrated,1,1
'12416225', 'DIRGROOVY-3', 'https://issues.apache.org/jira/rest/api/2/issue/12416225', NULL, '2009-03-05T17:55:50.000+0000',309,neutral,1,1
'12648330', 'RAT-141', 'https://issues.apache.org/jira/rest/api/2/issue/12648330', NULL, '2013-05-19T02:46:04.000+0000',216,neutral,1,1
'12465281', 'BVAL-61', 'https://issues.apache.org/jira/rest/api/2/issue/12465281', NULL, '2010-05-24T16:03:50.000+0000',501,neutral,1,1
'13401045', 'WAYANG-43', 'https://issues.apache.org/jira/rest/api/2/issue/13401045', NULL, '2021-09-14T15:13:47.000+0000',595,neutral,1,1
'12822606', 'DIRKRB-233', 'https://issues.apache.org/jira/rest/api/2/issue/12822606', NULL, '2015-04-21T08:54:05.000+0000',70,neutral,1,1
'12313468', 'BEEHIVE-888', 'https://issues.apache.org/jira/rest/api/2/issue/12313468', NULL, '2005-08-17T06:26:53.000+0000',189,neutral,1,1
'13128602', 'RYA-419', 'https://issues.apache.org/jira/rest/api/2/issue/13128602', NULL, '2018-01-04T20:13:12.000+0000',168,professional,1,1
'12313680', 'FORTRESS-19', 'https://issues.apache.org/jira/rest/api/2/issue/12313680', NULL, '2005-08-23T13:53:02.000+0000',153,neutral,1,1
'12850894', 'MYRIAD-59', 'https://issues.apache.org/jira/rest/api/2/issue/12850894', NULL, '2015-02-27T15:55:06.000+0000',189,neutral,1,1
'12653473', 'PROVISIONR-40', 'https://issues.apache.org/jira/rest/api/2/issue/12653473', NULL, '2013-06-18T15:26:25.000+0000',160,neutral,1,1
'12327543', 'GBUILD-9', 'https://issues.apache.org/jira/rest/api/2/issue/12327543', NULL, '2006-01-12T06:38:48.000+0000',170,neutral,1,1
'13199218', 'SCOUT-137', 'https://issues.apache.org/jira/rest/api/2/issue/13199218', NULL, '2018-11-19T01:57:04.000+0000',50,unclear,1,0
'12344252', 'SAND-7', 'https://issues.apache.org/jira/rest/api/2/issue/12344252', NULL, '2006-06-12T12:24:26.000+0000',636,professional,1,1
'13102011', 'SPOT-224', 'https://issues.apache.org/jira/rest/api/2/issue/13102011', NULL, '2017-09-13T17:33:52.000+0000',408,neutral,1,1
'12729743', 'AMBARI-6615', 'https://issues.apache.org/jira/rest/api/2/issue/12729743', NULL, '2014-07-25T15:23:30.000+0000',126,neutral,1,1
'13447556', 'JCRVLT-632', 'https://issues.apache.org/jira/rest/api/2/issue/13447556', NULL, '2022-05-30T16:32:17.000+0000',593,frustrated,1,1
'12441250', 'BLUESKY-7', 'https://issues.apache.org/jira/rest/api/2/issue/12441250', NULL, '2009-11-20T02:01:47.000+0000',139,professional,1,1
'12669671', 'BLUR-237', 'https://issues.apache.org/jira/rest/api/2/issue/12669671', NULL, '2013-09-20T15:06:13.000+0000',134,professional,1,1
'13382140', 'RNG-141', 'https://issues.apache.org/jira/rest/api/2/issue/13382140', NULL, '2021-06-04T12:47:26.000+0000',684,neutral,1,1
'13235924', 'XGC-120', 'https://issues.apache.org/jira/rest/api/2/issue/13235924', NULL, '2019-05-28T07:39:47.000+0000',230,professional,1,1
'12919488', 'ROL-2090', 'https://issues.apache.org/jira/rest/api/2/issue/12919488', NULL, '2015-12-06T03:28:35.000+0000',126,neutral,1,1
'12832659', 'PHOENIX-2009', 'https://issues.apache.org/jira/rest/api/2/issue/12832659', NULL, '2015-05-26T08:03:19.000+0000',146,neutral,1,1
'13314565', 'DOSGI-284', 'https://issues.apache.org/jira/rest/api/2/issue/13314565', NULL, '2020-07-01T22:59:28.000+0000',595,neutral,1,1
'13135268', 'TEXT-112', 'https://issues.apache.org/jira/rest/api/2/issue/13135268', NULL, '2018-02-01T00:43:48.000+0000',538,neutral,1,1
'13458547', 'HIVE-26348', 'https://issues.apache.org/jira/rest/api/2/issue/13458547', NULL, '2022-06-22T11:56:05.000+0000',341,professional,1,1
'12843751', 'QPIDIT-7', 'https://issues.apache.org/jira/rest/api/2/issue/12843751', NULL, '2015-07-09T04:39:12.000+0000',455,neutral,1,1
'13130249', 'MJARSIGNER-54', 'https://issues.apache.org/jira/rest/api/2/issue/13130249', NULL, '2018-01-11T17:29:38.000+0000',124,neutral,1,1
'12353743', 'TEXEN-5', 'https://issues.apache.org/jira/rest/api/2/issue/12353743', NULL, '2006-10-21T10:23:00.000+0000',379,neutral,1,1
'13290608', 'RATIS-826', 'https://issues.apache.org/jira/rest/api/2/issue/13290608', NULL, '2020-03-09T18:09:02.000+0000',285,professional,1,1
'13409292', 'INFRA-22461', 'https://issues.apache.org/jira/rest/api/2/issue/13409292', NULL, '2021-10-30T15:54:27.000+0000',349,neutral,1,1
'13366334', 'CS-10', 'https://issues.apache.org/jira/rest/api/2/issue/13366334', NULL, '2021-03-19T12:03:02.000+0000',394,neutral,1,1
'13410094', 'MANTRUN-234', 'https://issues.apache.org/jira/rest/api/2/issue/13410094', NULL, '2021-11-04T16:10:48.000+0000',374,neutral,1,1
'12502374', 'MYFACESTEST-47', 'https://issues.apache.org/jira/rest/api/2/issue/12502374', NULL, '2011-03-25T11:43:34.000+0000',153,neutral,1,1
'13361314', 'CSV-272', 'https://issues.apache.org/jira/rest/api/2/issue/13361314', NULL, '2021-02-27T06:33:46.000+0000',337,neutral,1,1
'12606229', 'SYNCOPE-204', 'https://issues.apache.org/jira/rest/api/2/issue/12606229', NULL, '2012-09-05T12:02:38.000+0000',196,professional,1,1
'13436244', 'GIRAPH-1254', 'https://issues.apache.org/jira/rest/api/2/issue/13436244', NULL, '2022-03-28T19:48:53.000+0000',886,professional,1,1
'12518035', 'DISCOVERY-20', 'https://issues.apache.org/jira/rest/api/2/issue/12518035', NULL, '2011-08-05T13:17:00.000+0000',329,neutral,1,1
'12645698', 'HDT-29', 'https://issues.apache.org/jira/rest/api/2/issue/12645698', NULL, '2013-05-01T20:53:40.000+0000',858,professional,1,1
'13143788', 'COMDEV-277', 'https://issues.apache.org/jira/rest/api/2/issue/13143788', NULL, '2018-03-09T04:02:00.000+0000',532,neutral,1,1
'12327642', 'CACTUS-236', 'https://issues.apache.org/jira/rest/api/2/issue/12327642', NULL, '2006-01-15T10:04:55.000+0000',440,neutral,1,1
'13425830', 'MPH-185', 'https://issues.apache.org/jira/rest/api/2/issue/13425830', NULL, '2022-01-31T17:29:03.000+0000',347,frustrated,1,1
'12803729', 'MINVOKER-172', 'https://issues.apache.org/jira/rest/api/2/issue/12803729', NULL, '2014-07-05T03:30:51.000+0000',208,neutral,1,1
'13415268', 'IO-757', 'https://issues.apache.org/jira/rest/api/2/issue/13415268', NULL, '2021-12-03T12:24:53.000+0000',167,neutral,1,1
'13178244', 'WEEX-556', 'https://issues.apache.org/jira/rest/api/2/issue/13178244', NULL, '2018-08-10T10:21:58.000+0000',55,neutral,1,1
'12447153', 'SHALE-399', 'https://issues.apache.org/jira/rest/api/2/issue/12447153', NULL, '2007-01-24T23:23:29.000+0000',105,professional,1,1
'13449018', 'MANTRUN-237', 'https://issues.apache.org/jira/rest/api/2/issue/13449018', NULL, '2022-06-08T13:30:36.000+0000',502,neutral,1,1
'12913725', 'USERGRID-1114', 'https://issues.apache.org/jira/rest/api/2/issue/12913725', NULL, '2015-11-17T15:01:32.000+0000',29,neutral,1,1
'13235699', 'OMID-150', 'https://issues.apache.org/jira/rest/api/2/issue/13235699', NULL, '2019-05-26T22:11:17.000+0000',236,casual,1,0
'12410199', 'BSF-22', 'https://issues.apache.org/jira/rest/api/2/issue/12410199', NULL, '2008-12-08T16:11:38.000+0000',275,neutral,1,1
'13431388', 'STEVE-70', 'https://issues.apache.org/jira/rest/api/2/issue/13431388', NULL, '2022-03-01T23:19:08.000+0000',117,frustrated,1,1
'12352103', 'DERBY-1907', 'https://issues.apache.org/jira/rest/api/2/issue/12352103', NULL, '2006-09-29T21:23:42.000+0000',1107,neutral,1,1
'13402114', 'JSPF-107', 'https://issues.apache.org/jira/rest/api/2/issue/13402114', NULL, '2021-09-20T07:06:20.000+0000',394,professional,1,1
'13121595', 'MNEMONIC-419', 'https://issues.apache.org/jira/rest/api/2/issue/13121595', NULL, '2017-11-29T09:30:58.000+0000',220,neutral,1,1
'13416869', 'ZOOKEEPER-4424', 'https://issues.apache.org/jira/rest/api/2/issue/13416869', NULL, '2021-12-12T05:47:23.000+0000',588,professional,1,1
'13439868', 'DUBBO-95', 'https://issues.apache.org/jira/rest/api/2/issue/13439868', NULL, '2022-04-15T16:38:23.000+0000',161,neutral,1,1
'13095891', 'LIVY-253', 'https://issues.apache.org/jira/rest/api/2/issue/13095891', NULL, '2016-11-24T02:03:04.000+0000',277,professional,1,1
'12654729', 'JCR-3609', 'https://issues.apache.org/jira/rest/api/2/issue/12654729', NULL, '2013-06-25T14:08:54.000+0000',154,neutral,1,1
'21338', 'ARMI-4', 'https://issues.apache.org/jira/rest/api/2/issue/21338', NULL, '2004-05-03T05:07:53.000+0000',594,neutral,1,1
'12492832', 'BUILDR-561', 'https://issues.apache.org/jira/rest/api/2/issue/12492832', NULL, '2010-12-09T13:10:16.000+0000',644,neutral,1,1
'12431732', 'VYSPER-159', 'https://issues.apache.org/jira/rest/api/2/issue/12431732', NULL, '2009-07-29T19:32:51.000+0000',104,neutral,1,1
'12317406', 'AXISCPP-841', 'https://issues.apache.org/jira/rest/api/2/issue/12317406', NULL, '2005-09-29T13:15:41.000+0000',433,neutral,1,1
'13041153', 'SPOT-80', 'https://issues.apache.org/jira/rest/api/2/issue/13041153', NULL, '2017-02-07T22:00:08.000+0000',95,professional,1,1
'12688894', 'HAMA-851', 'https://issues.apache.org/jira/rest/api/2/issue/12688894', NULL, '2014-01-15T00:28:14.000+0000',87,frustrated,1,1
'13411221', 'WAGON-613', 'https://issues.apache.org/jira/rest/api/2/issue/13411221', NULL, '2021-11-11T08:07:04.000+0000',372,neutral,1,1
'12692953', 'FALCON-295', 'https://issues.apache.org/jira/rest/api/2/issue/12692953', NULL, '2014-02-03T20:38:11.000+0000',312,neutral,1,1
'13305001', 'SCB-1898', 'https://issues.apache.org/jira/rest/api/2/issue/13305001', NULL, '2020-05-14T17:36:20.000+0000',224,frustrated,1,1
'13265844', 'MARVIN-69', 'https://issues.apache.org/jira/rest/api/2/issue/13265844', NULL, '2019-11-01T21:34:10.000+0000',338,frustrated,1,1
'12372032', 'IBATIS-440', 'https://issues.apache.org/jira/rest/api/2/issue/12372032', NULL, '2007-06-20T11:26:33.000+0000',494,neutral,1,1
'12473150', 'TUSCANY-3665', 'https://issues.apache.org/jira/rest/api/2/issue/12473150', NULL, '2010-09-02T15:29:11.000+0000',523,professional,1,1
'13149074', 'S2GRAPH-194', 'https://issues.apache.org/jira/rest/api/2/issue/13149074', NULL, '2018-03-30T02:59:09.000+0000',852,neutral,1,1
'13004308', 'QPIDJMS-206', 'https://issues.apache.org/jira/rest/api/2/issue/13004308', NULL, '2016-09-12T14:03:20.000+0000',383,neutral,1,1
'13232606', 'MJAR-264', 'https://issues.apache.org/jira/rest/api/2/issue/13232606', NULL, '2019-05-10T09:11:37.000+0000',105,frustrated,1,1
'13362719', 'APA-78', 'https://issues.apache.org/jira/rest/api/2/issue/13362719', NULL, '2021-03-05T22:21:19.000+0000',62,neutral,1,1
'28249', 'AVNSHARP-8', 'https://issues.apache.org/jira/rest/api/2/issue/28249', NULL, '2004-11-08T06:36:03.000+0000',107,neutral,1,1
'12504534', 'SMX4-810', 'https://issues.apache.org/jira/rest/api/2/issue/12504534', NULL, '2011-04-18T11:52:49.000+0000',214,professional,1,1
'12851039', 'PORTALS-25', 'https://issues.apache.org/jira/rest/api/2/issue/12851039', NULL, '2015-08-03T07:40:43.000+0000',115,frustrated,1,1
'12519879', 'EXTVAL-136', 'https://issues.apache.org/jira/rest/api/2/issue/12519879', NULL, '2011-08-23T20:55:09.000+0000',882,neutral,1,1
'12497761', 'ZETACOMP-51', 'https://issues.apache.org/jira/rest/api/2/issue/12497761', NULL, '2011-02-05T18:46:06.000+0000',194,professional,1,1
'12417436', 'CLKE-17', 'https://issues.apache.org/jira/rest/api/2/issue/12417436', NULL, '2006-11-02T02:41:07.000+0000',252,neutral,1,1
'12311254', 'OJB-49', 'https://issues.apache.org/jira/rest/api/2/issue/12311254', NULL, '2005-06-11T03:11:45.000+0000',227,neutral,1,1
'13045663', 'ZEPPELIN-2159', 'https://issues.apache.org/jira/rest/api/2/issue/13045663', NULL, '2017-02-23T16:00:22.000+0000',147,neutral,1,1
'12975759', 'REEF-1419', 'https://issues.apache.org/jira/rest/api/2/issue/12975759', NULL, '2016-06-04T17:53:16.000+0000',513,professional,1,1
'13330649', 'PLUTO-785', 'https://issues.apache.org/jira/rest/api/2/issue/13330649', NULL, '2020-10-03T02:29:54.000+0000',992,neutral,1,1
'12407688', 'PRC-6', 'https://issues.apache.org/jira/rest/api/2/issue/12407688', NULL, '2008-11-03T08:29:40.000+0000',306,professional,1,1
'12694095', 'JUDDI-842', 'https://issues.apache.org/jira/rest/api/2/issue/12694095', NULL, '2014-02-08T13:15:55.000+0000',155,neutral,1,1
'13075843', 'QPIDJMS-295', 'https://issues.apache.org/jira/rest/api/2/issue/13075843', NULL, '2017-05-30T14:11:30.000+0000',604,frustrated,1,1
'13469451', 'JEXL-374', 'https://issues.apache.org/jira/rest/api/2/issue/13469451', NULL, '2022-06-30T11:49:02.000+0000',671,neutral,1,1
'12326086', 'AGILA-33', 'https://issues.apache.org/jira/rest/api/2/issue/12326086', NULL, '2005-11-28T01:21:22.000+0000',56,neutral,1,1
'13278920', 'PDFBOX-4739', 'https://issues.apache.org/jira/rest/api/2/issue/13278920', NULL, '2020-01-12T15:46:24.000+0000',180,frustrated,1,1
'12952638', 'CMDA-11', 'https://issues.apache.org/jira/rest/api/2/issue/12952638', NULL, '2016-03-22T23:36:19.000+0000',47,professional,1,1
'12405684', 'ECS-4', 'https://issues.apache.org/jira/rest/api/2/issue/12405684', NULL, '2008-10-03T09:42:26.000+0000',121,professional,1,1
'12422420', 'RAMPARTC-134', 'https://issues.apache.org/jira/rest/api/2/issue/12422420', NULL, '2009-04-08T22:48:48.000+0000',648,neutral,1,1
'13420292', 'ANY23-552', 'https://issues.apache.org/jira/rest/api/2/issue/13420292', NULL, '2022-01-02T23:48:04.000+0000',107,professional,1,1
'12979459', 'REEF-1455', 'https://issues.apache.org/jira/rest/api/2/issue/12979459', NULL, '2016-06-15T18:00:16.000+0000',185,professional,1,1
'13032574', 'TOREE-356', 'https://issues.apache.org/jira/rest/api/2/issue/13032574', NULL, '2017-01-06T15:09:59.000+0000',100,professional,1,1
'12521051', 'WAVE-291', 'https://issues.apache.org/jira/rest/api/2/issue/12521051', NULL, '2011-09-01T12:35:46.000+0000',682,professional,1,1
'12850660', 'COTTON-1', 'https://issues.apache.org/jira/rest/api/2/issue/12850660', NULL, '2015-07-31T18:02:23.000+0000',370,professional,1,1
'13006156', 'APEXMALHAR-2250', 'https://issues.apache.org/jira/rest/api/2/issue/13006156', NULL, '2016-09-20T09:23:39.000+0000',429,professional,1,1
'12477255', 'AXIS2C-1494', 'https://issues.apache.org/jira/rest/api/2/issue/12477255', NULL, '2010-10-13T16:52:31.000+0000',201,frustrated,1,1
'13115444', 'ACE-633', 'https://issues.apache.org/jira/rest/api/2/issue/13115444', NULL, '2017-11-01T19:19:28.000+0000',1303,neutral,1,1
'12556708', 'FEEDPARSER-8', 'https://issues.apache.org/jira/rest/api/2/issue/12556708', NULL, '2012-05-21T16:23:47.000+0000',146,neutral,1,1
'12950809', 'SIS-321', 'https://issues.apache.org/jira/rest/api/2/issue/12950809', NULL, '2016-03-16T10:14:06.000+0000',725,professional,1,1
'12619353', 'OOZIE-1120', 'https://issues.apache.org/jira/rest/api/2/issue/12619353', NULL, '2012-12-06T20:59:05.000+0000',1346,frustrated,1,1
'12947353', 'JOSHUA-221', 'https://issues.apache.org/jira/rest/api/2/issue/12947353', NULL, '2015-10-05T05:34:10.000+0000',570,frustrated,1,1
'13307620', 'BAHIR-234', 'https://issues.apache.org/jira/rest/api/2/issue/13307620', NULL, '2020-05-27T06:41:16.000+0000',1361,professional,1,1
'12507310', 'LUCY-144', 'https://issues.apache.org/jira/rest/api/2/issue/12507310', NULL, '2011-05-15T23:09:24.000+0000',323,neutral,1,1
'12733491', 'RIPPLE-65', 'https://issues.apache.org/jira/rest/api/2/issue/12733491', NULL, '2014-08-12T13:57:20.000+0000',534,frustrated,1,1
'13223095', 'OAK-8157', 'https://issues.apache.org/jira/rest/api/2/issue/13223095', NULL, '2019-03-21T14:56:24.000+0000',397,frustrated,1,1
'12894375', 'MADLIB-294', 'https://issues.apache.org/jira/rest/api/2/issue/12894375', NULL, '2011-12-16T06:44:34.000+0000',341,neutral,1,1
'13438236', 'DRILL-8190', 'https://issues.apache.org/jira/rest/api/2/issue/13438236', NULL, '2022-04-06T19:17:05.000+0000',1157,frustrated,1,1
'13072989', 'EDGENT-412', 'https://issues.apache.org/jira/rest/api/2/issue/13072989', NULL, '2017-05-18T02:51:13.000+0000',211,neutral,1,1
'12379613', 'JCRTCK-2', 'https://issues.apache.org/jira/rest/api/2/issue/12379613', NULL, '2007-10-03T21:34:43.000+0000',237,neutral,1,1
'12478737', 'AXIS2C-1499', 'https://issues.apache.org/jira/rest/api/2/issue/12478737', NULL, '2010-10-30T20:43:48.000+0000',262,neutral,1,1
'13421105', 'MRESOURCES-280', 'https://issues.apache.org/jira/rest/api/2/issue/13421105', NULL, '2022-01-06T16:11:30.000+0000',102,frustrated,1,1
'12853048', 'MYFACES-4009', 'https://issues.apache.org/jira/rest/api/2/issue/12853048', NULL, '2015-08-07T20:48:06.000+0000',608,professional,1,1
'12382397', 'JAMES-829', 'https://issues.apache.org/jira/rest/api/2/issue/12382397', NULL, '2007-11-13T01:49:54.000+0000',230,neutral,1,1
'13388575', 'IGNITE-15091', 'https://issues.apache.org/jira/rest/api/2/issue/13388575', NULL, '2021-07-09T08:47:35.000+0000',191,neutral,1,1
'13319207', 'MNGSITE-418', 'https://issues.apache.org/jira/rest/api/2/issue/13319207', NULL, '2020-07-24T17:47:04.000+0000',445,neutral,1,1
'12797639', 'MACR-4', 'https://issues.apache.org/jira/rest/api/2/issue/12797639', NULL, '2012-03-24T10:58:37.000+0000',129,frustrated,1,1
'13130036', 'COMDEV-247', 'https://issues.apache.org/jira/rest/api/2/issue/13130036', NULL, '2018-01-11T01:38:59.000+0000',563,neutral,1,1
'13438601', 'LEGAL-610', 'https://issues.apache.org/jira/rest/api/2/issue/13438601', NULL, '2022-04-08T13:14:31.000+0000',300,neutral,1,1
'12802037', 'MEJB-82', 'https://issues.apache.org/jira/rest/api/2/issue/12802037', NULL, '2015-03-25T10:30:56.000+0000',401,professional,1,1
'13102056', 'QUICKSTEP-103', 'https://issues.apache.org/jira/rest/api/2/issue/13102056', NULL, '2017-09-13T20:40:03.000+0000',232,neutral,1,1
'12503776', 'DIGESTER-146', 'https://issues.apache.org/jira/rest/api/2/issue/12503776', NULL, '2011-04-08T20:16:30.000+0000',237,neutral,1,1
'12354494', 'XAP-21', 'https://issues.apache.org/jira/rest/api/2/issue/12354494', NULL, '2006-11-01T22:24:34.000+0000',221,neutral,1,1
'12835054', 'AMQ-5824', 'https://issues.apache.org/jira/rest/api/2/issue/12835054', NULL, '2015-06-03T13:52:36.000+0000',1244,neutral,1,1
'29946', 'MIRAE-7', 'https://issues.apache.org/jira/rest/api/2/issue/29946', NULL, '2005-02-07T19:00:43.000+0000',199,neutral,1,1
'12491181', 'SMX4KNL-256', 'https://issues.apache.org/jira/rest/api/2/issue/12491181', NULL, '2009-03-26T15:13:42.000+0000',801,frustrated,1,1
'13157091', 'MESOS-8882', 'https://issues.apache.org/jira/rest/api/2/issue/13157091', NULL, '2018-05-04T09:19:31.000+0000',1030,neutral,1,1
'13314573', 'PEGASUS-3', 'https://issues.apache.org/jira/rest/api/2/issue/13314573', NULL, '2020-07-02T01:16:54.000+0000',84,neutral,1,1
'12341067', 'EL-5', 'https://issues.apache.org/jira/rest/api/2/issue/12341067', NULL, '2003-10-31T18:09:01.000+0000',133,neutral,1,1
'12627865', 'S4-113', 'https://issues.apache.org/jira/rest/api/2/issue/12627865', NULL, '2013-01-16T16:49:41.000+0000',138,neutral,1,1
'13230596', 'METRON-2096', 'https://issues.apache.org/jira/rest/api/2/issue/13230596', NULL, '2019-04-29T05:03:48.000+0000',1260,frustrated,1,1
'12318068', 'MIRAE-10', 'https://issues.apache.org/jira/rest/api/2/issue/12318068', NULL, '2005-10-18T21:10:57.000+0000',157,casual,1,1
'12513931', 'NUTCH-1046', 'https://issues.apache.org/jira/rest/api/2/issue/12513931', NULL, '2011-07-13T14:19:19.000+0000',150,neutral,1,1
'12468624', 'TRANSPORTS-29', 'https://issues.apache.org/jira/rest/api/2/issue/12468624', NULL, '2010-07-06T12:19:04.000+0000',555,neutral,1,1
'13361588', 'MCLEAN-93', 'https://issues.apache.org/jira/rest/api/2/issue/13361588', NULL, '2021-03-01T11:47:58.000+0000',845,professional,1,1
'12818709', 'TEZ-2280', 'https://issues.apache.org/jira/rest/api/2/issue/12818709', NULL, '2015-04-06T21:14:40.000+0000',177,neutral,1,1
'13421505', 'MSCMPUB-48', 'https://issues.apache.org/jira/rest/api/2/issue/13421505', NULL, '2022-01-09T01:20:32.000+0000',1184,frustrated,1,1
'13043893', 'BEAM-1506', 'https://issues.apache.org/jira/rest/api/2/issue/13043893', NULL, '2017-02-17T07:58:30.000+0000',676,neutral,1,1
'13373481', 'ANAKIA-31', 'https://issues.apache.org/jira/rest/api/2/issue/13373481', NULL, '2021-04-19T07:13:26.000+0000',307,professional,1,1
'12773608', 'STREAMS-276', 'https://issues.apache.org/jira/rest/api/2/issue/12773608', NULL, '2015-02-09T23:15:04.000+0000',169,professional,1,1
'12960797', 'OPENAZ-17', 'https://issues.apache.org/jira/rest/api/2/issue/12960797', NULL, '2016-04-21T15:42:23.000+0000',56,frustrated,1,0
'12379296', 'PORTLETBRIDGE-5', 'https://issues.apache.org/jira/rest/api/2/issue/12379296', NULL, '2007-09-28T15:13:29.000+0000',293,professional,1,1
'13447082', 'MPIR-419', 'https://issues.apache.org/jira/rest/api/2/issue/13447082', NULL, '2022-05-26T19:48:20.000+0000',851,neutral,1,1
'13318192', 'MASSEMBLY-940', 'https://issues.apache.org/jira/rest/api/2/issue/13318192', NULL, '2020-07-20T08:08:42.000+0000',593,frustrated,1,1
'12311455', 'APOLLO-40', 'https://issues.apache.org/jira/rest/api/2/issue/12311455', NULL, '2005-06-17T03:06:25.000+0000',649,neutral,1,1
'13223152', 'JELLY-294', 'https://issues.apache.org/jira/rest/api/2/issue/13223152', NULL, '2019-03-21T17:35:43.000+0000',217,neutral,1,1
'13354444', 'XERCESC-2213', 'https://issues.apache.org/jira/rest/api/2/issue/13354444', NULL, '2021-01-25T13:39:49.000+0000',401,frustrated,1,1
'12503210', 'CLKE-46', 'https://issues.apache.org/jira/rest/api/2/issue/12503210', NULL, '2011-04-02T21:23:08.000+0000',239,neutral,1,1
'13368432', 'GOBBLIN-1417', 'https://issues.apache.org/jira/rest/api/2/issue/13368432', NULL, '2021-03-29T17:19:28.000+0000',133,professional,1,1
'12314771', 'OJB-71', 'https://issues.apache.org/jira/rest/api/2/issue/12314771', NULL, '2005-09-09T20:19:14.000+0000',147,neutral,1,1
'13004304', 'UIMA-5106', 'https://issues.apache.org/jira/rest/api/2/issue/13004304', NULL, '2016-09-12T13:52:10.000+0000',975,neutral,1,1
'12389737', 'BSF-12', 'https://issues.apache.org/jira/rest/api/2/issue/12389737', NULL, '2008-02-28T00:39:38.000+0000',218,neutral,1,1
'13433003', 'DAFFODIL-2668', 'https://issues.apache.org/jira/rest/api/2/issue/13433003', NULL, '2022-03-10T05:29:27.000+0000',592,professional,1,1
'12809361', 'MSKINS-98', 'https://issues.apache.org/jira/rest/api/2/issue/12809361', NULL, '2014-12-25T11:37:08.000+0000',128,neutral,1,1
'13438520', 'SUBMARINE-1254', 'https://issues.apache.org/jira/rest/api/2/issue/13438520', NULL, '2022-04-08T07:36:03.000+0000',58,neutral,0,0
'12503869', 'ZETACOMP-72', 'https://issues.apache.org/jira/rest/api/2/issue/12503869', NULL, '2011-04-10T14:19:59.000+0000',1099,neutral,1,1
'13195750', 'MXNET-1190', 'https://issues.apache.org/jira/rest/api/2/issue/13195750', NULL, '2018-11-01T21:09:46.000+0000',276,frustrated,1,1
'12952637', 'CMDA-10', 'https://issues.apache.org/jira/rest/api/2/issue/12952637', NULL, '2016-03-22T23:33:59.000+0000',47,professional,1,1
'12982949', 'TEPHRA-59', 'https://issues.apache.org/jira/rest/api/2/issue/12982949', NULL, '2015-01-30T20:29:39.000+0000',612,professional,1,1
'13424724', 'DIRMINA-1159', 'https://issues.apache.org/jira/rest/api/2/issue/13424724', NULL, '2022-01-25T15:39:40.000+0000',225,professional,1,1
'13258016', 'NIFILIBS-2', 'https://issues.apache.org/jira/rest/api/2/issue/13258016', NULL, '2019-09-20T18:37:28.000+0000',182,frustrated,1,1
'12803462', 'MINDEXER-81', 'https://issues.apache.org/jira/rest/api/2/issue/12803462', NULL, '2014-06-28T08:41:21.000+0000',57,frustrated,1,1
'12551514', 'MAILBOX-176', 'https://issues.apache.org/jira/rest/api/2/issue/12551514', NULL, '2012-04-18T19:44:21.000+0000',747,neutral,1,1
'12985553', 'TWILL-174', 'https://issues.apache.org/jira/rest/api/2/issue/12985553', NULL, '2016-06-30T01:56:08.000+0000',108,frustrated,1,1
'13010127', 'CLOWNFISH-109', 'https://issues.apache.org/jira/rest/api/2/issue/13010127', NULL, '2016-10-06T11:19:45.000+0000',123,neutral,1,1
'12623097', 'MAPREDUCE-4863', 'https://issues.apache.org/jira/rest/api/2/issue/12623097', NULL, '2012-12-10T05:15:28.000+0000',749,professional,1,1
'13198607', 'MINIFICPP-676', 'https://issues.apache.org/jira/rest/api/2/issue/13198607', NULL, '2018-11-15T12:08:39.000+0000',208,neutral,1,1
'12559148', 'FILEUPLOAD-206', 'https://issues.apache.org/jira/rest/api/2/issue/12559148', NULL, '2012-06-04T09:18:44.000+0000',1251,frustrated,1,1
'13050250', 'AUTOTAG-23', 'https://issues.apache.org/jira/rest/api/2/issue/13050250', NULL, '2017-03-11T14:00:07.000+0000',120,casual,1,1
'13379325', 'ARTEMIS-3307', 'https://issues.apache.org/jira/rest/api/2/issue/13379325', NULL, '2021-05-19T16:11:58.000+0000',384,professional,1,1
'28490', 'JELLY-165', 'https://issues.apache.org/jira/rest/api/2/issue/28490', NULL, '2004-11-19T09:50:31.000+0000',1079,neutral,1,1
'12384965', 'LAUNCHER-9', 'https://issues.apache.org/jira/rest/api/2/issue/12384965', NULL, '2007-12-19T14:42:10.000+0000',127,neutral,1,1
'12923017', 'MATH-1298', 'https://issues.apache.org/jira/rest/api/2/issue/12923017', NULL, '2015-12-18T13:35:51.000+0000',167,professional,1,1
'13217646', 'OODT-1004', 'https://issues.apache.org/jira/rest/api/2/issue/13217646', NULL, '2019-02-24T08:25:56.000+0000',1135,professional,1,1
'12977647', 'TRAFODION-2052', 'https://issues.apache.org/jira/rest/api/2/issue/12977647', NULL, '2016-06-10T15:33:28.000+0000',87,professional,1,1
'12761984', 'KALUMET-55', 'https://issues.apache.org/jira/rest/api/2/issue/12761984', NULL, '2014-12-16T09:20:10.000+0000',215,neutral,1,1
'13401662', 'MINVOKER-284', 'https://issues.apache.org/jira/rest/api/2/issue/13401662', NULL, '2021-09-16T12:55:52.000+0000',104,neutral,1,1
'12820627', 'DBUTILS-123', 'https://issues.apache.org/jira/rest/api/2/issue/12820627', NULL, '2015-04-13T20:22:17.000+0000',1089,professional,1,1
'13081119', 'ODFTOOLKIT-458', 'https://issues.apache.org/jira/rest/api/2/issue/13081119', NULL, '2017-06-20T12:26:07.000+0000',187,professional,1,1
'13305441', 'INLONG-124', 'https://issues.apache.org/jira/rest/api/2/issue/13305441', NULL, '2020-05-17T02:42:22.000+0000',252,professional,1,1
'13404191', 'NLPCRAFT-463', 'https://issues.apache.org/jira/rest/api/2/issue/13404191', NULL, '2021-09-30T05:30:06.000+0000',178,neutral,1,1
'12775587', 'TEZ-2113', 'https://issues.apache.org/jira/rest/api/2/issue/12775587', NULL, '2015-02-17T12:32:32.000+0000',275,neutral,1,1
'13447025', 'MINIFICPP-1853', 'https://issues.apache.org/jira/rest/api/2/issue/13447025', NULL, '2022-05-26T14:39:04.000+0000',424,professional,1,1
'12423260', 'JCRCL-2', 'https://issues.apache.org/jira/rest/api/2/issue/12423260', NULL, '2009-04-20T09:13:18.000+0000',869,casual,1,1
'12603235', 'TREQ-17', 'https://issues.apache.org/jira/rest/api/2/issue/12603235', NULL, '2012-08-13T13:29:08.000+0000',452,professional,1,1
'12378888', 'JSPF-55', 'https://issues.apache.org/jira/rest/api/2/issue/12378888', NULL, '2007-09-21T19:48:15.000+0000',95,frustrated,1,1
'12326633', 'JAXME-76', 'https://issues.apache.org/jira/rest/api/2/issue/12326633', NULL, '2005-12-13T00:08:15.000+0000',596,frustrated,1,1
'12524082', 'ODFTOOLKIT-153', 'https://issues.apache.org/jira/rest/api/2/issue/12524082', NULL, '2010-07-23T18:13:23.000+0000',202,casual,1,1
'27195', 'CACTUS-141', 'https://issues.apache.org/jira/rest/api/2/issue/27195', NULL, '2004-09-04T01:00:18.000+0000',432,neutral,1,1
'13150108', 'SCXML-280', 'https://issues.apache.org/jira/rest/api/2/issue/13150108', NULL, '2018-04-04T18:37:04.000+0000',1101,neutral,1,1
'12827570', 'XALANC-763', 'https://issues.apache.org/jira/rest/api/2/issue/12827570', NULL, '2015-05-06T07:14:05.000+0000',230,neutral,1,1
'12399989', 'OCM-26', 'https://issues.apache.org/jira/rest/api/2/issue/12399989', NULL, '2008-07-10T06:07:01.000+0000',266,neutral,1,1
'13229797', 'MJARSIGNER-59', 'https://issues.apache.org/jira/rest/api/2/issue/13229797', NULL, '2019-04-24T08:09:06.000+0000',116,frustrated,1,1
'13193459', 'NEMO-228', 'https://issues.apache.org/jira/rest/api/2/issue/13193459', NULL, '2018-10-23T06:08:09.000+0000',57,neutral,1,1
'12467416', 'PIVOT-535', 'https://issues.apache.org/jira/rest/api/2/issue/12467416', NULL, '2010-06-19T20:16:57.000+0000',298,professional,1,1
'13375503', 'MEECROWAVE-289', 'https://issues.apache.org/jira/rest/api/2/issue/13375503', NULL, '2021-04-28T05:43:27.000+0000',96,professional,1,1
'13279687', 'CONNECTORS-1632', 'https://issues.apache.org/jira/rest/api/2/issue/13279687', NULL, '2020-01-15T22:30:24.000+0000',187,neutral,1,1
'12960224', 'GEARPUMP-51', 'https://issues.apache.org/jira/rest/api/2/issue/12960224', NULL, '2016-04-20T05:30:16.000+0000',66,neutral,1,1
'12365679', 'DIGESTER-112', 'https://issues.apache.org/jira/rest/api/2/issue/12365679', NULL, '2007-03-23T16:47:10.000+0000',254,neutral,1,1
'13237754', 'ASFSITE-7', 'https://issues.apache.org/jira/rest/api/2/issue/13237754', NULL, '2019-06-05T16:06:39.000+0000',1012,frustrated,1,1
'12836229', 'DATAFU-97', 'https://issues.apache.org/jira/rest/api/2/issue/12836229', NULL, '2015-06-08T17:47:26.000+0000',452,neutral,1,1
'12435997', 'OLIO-122', 'https://issues.apache.org/jira/rest/api/2/issue/12435997', NULL, '2009-09-17T21:11:31.000+0000',438,neutral,1,1
'12504339', 'NPANDAY-405', 'https://issues.apache.org/jira/rest/api/2/issue/12504339', NULL, '2011-04-15T06:34:53.000+0000',274,neutral,1,1
'13469261', 'CRYPTO-165', 'https://issues.apache.org/jira/rest/api/2/issue/13469261', NULL, '2022-06-30T00:46:19.000+0000',239,professional,1,1
'12685362', 'LIBCLOUD-462', 'https://issues.apache.org/jira/rest/api/2/issue/12685362', NULL, '2013-12-18T11:42:40.000+0000',1092,neutral,1,1
'12786197', 'XBEAN-281', 'https://issues.apache.org/jira/rest/api/2/issue/12786197', NULL, '2015-03-27T13:30:08.000+0000',827,frustrated,1,1
'13352172', 'NLPCRAFT-219', 'https://issues.apache.org/jira/rest/api/2/issue/13352172', NULL, '2021-01-14T07:59:47.000+0000',196,frustrated,1,1
'13409475', 'AGE2-502', 'https://issues.apache.org/jira/rest/api/2/issue/13409475', NULL, '2021-11-01T16:43:07.000+0000',162,neutral,1,1
'13056285', 'JXPATH-190', 'https://issues.apache.org/jira/rest/api/2/issue/13056285', NULL, '2017-03-15T13:23:54.000+0000',459,frustrated,1,1
'12461354', 'HISE-32', 'https://issues.apache.org/jira/rest/api/2/issue/12461354', NULL, '2010-04-07T06:29:45.000+0000',288,professional,1,1
'12408652', 'ETCH-12', 'https://issues.apache.org/jira/rest/api/2/issue/12408652', NULL, '2008-11-17T15:53:40.000+0000',537,frustrated,1,1
'13096900', 'MPMD-242', 'https://issues.apache.org/jira/rest/api/2/issue/13096900', NULL, '2017-08-23T02:56:59.000+0000',543,neutral,1,1
'12950206', 'MYNEWTDOC-66', 'https://issues.apache.org/jira/rest/api/2/issue/12950206', NULL, '2016-03-15T07:18:21.000+0000',494,neutral,1,1
'12804678', 'MPDF-10', 'https://issues.apache.org/jira/rest/api/2/issue/12804678', NULL, '2009-04-28T08:37:44.000+0000',56,neutral,0,1
'13447680', 'INFRA-23315', 'https://issues.apache.org/jira/rest/api/2/issue/13447680', NULL, '2022-05-31T10:44:08.000+0000',711,neutral,1,1
'12351487', 'TORQUEOLD-99', 'https://issues.apache.org/jira/rest/api/2/issue/12351487', NULL, '2006-09-26T07:17:38.000+0000',451,frustrated,1,1
'12998763', 'GEARPUMP-191', 'https://issues.apache.org/jira/rest/api/2/issue/12998763', NULL, '2016-08-21T17:22:54.000+0000',211,professional,1,1
'12915928', 'MWAR-360', 'https://issues.apache.org/jira/rest/api/2/issue/12915928', NULL, '2015-11-24T20:44:53.000+0000',1516,frustrated,1,1
'13071013', 'XMLSCHEMA-49', 'https://issues.apache.org/jira/rest/api/2/issue/13071013', NULL, '2017-05-11T01:12:47.000+0000',817,neutral,1,1
'13469938', 'ATTIC-206', 'https://issues.apache.org/jira/rest/api/2/issue/13469938', NULL, '2022-07-04T09:40:24.000+0000',276,neutral,1,1
'12960804', 'OPENAZ-21', 'https://issues.apache.org/jira/rest/api/2/issue/12960804', NULL, '2016-04-21T15:50:31.000+0000',616,neutral,1,1
'13361270', 'MJDEPRSCAN-4', 'https://issues.apache.org/jira/rest/api/2/issue/13361270', NULL, '2021-02-26T20:17:02.000+0000',112,neutral,1,1
'13078586', 'CXF-7403', 'https://issues.apache.org/jira/rest/api/2/issue/13078586', NULL, '2017-06-09T11:15:06.000+0000',621,neutral,1,1
'12347152', 'XALANJ-2310', 'https://issues.apache.org/jira/rest/api/2/issue/12347152', NULL, '2006-08-02T11:27:12.000+0000',511,neutral,1,1
'31034', 'LCN4C-3', 'https://issues.apache.org/jira/rest/api/2/issue/31034', NULL, '2005-03-20T01:44:54.000+0000',142,neutral,1,1
'13292461', 'TUWENI-32', 'https://issues.apache.org/jira/rest/api/2/issue/13292461', NULL, '2020-03-18T12:59:01.000+0000',639,frustrated,1,1
'13168506', 'MXNET-600', 'https://issues.apache.org/jira/rest/api/2/issue/13168506', NULL, '2018-06-27T00:24:00.000+0000',42,professional,1,1
'12410559', 'OCM-25', 'https://issues.apache.org/jira/rest/api/2/issue/12410559', NULL, '2008-12-12T08:04:17.000+0000',179,professional,1,1
'13258741', 'MCOMPILER-400', 'https://issues.apache.org/jira/rest/api/2/issue/13258741', NULL, '2019-09-25T09:10:37.000+0000',1290,neutral,1,1
'12507470', 'JCRSITE-36', 'https://issues.apache.org/jira/rest/api/2/issue/12507470', NULL, '2011-05-17T10:10:31.000+0000',35,neutral,1,1
'13335704', 'MSHADE-380', 'https://issues.apache.org/jira/rest/api/2/issue/13335704', NULL, '2020-10-16T03:55:19.000+0000',1300,frustrated,1,1
'12454496', 'TILESSHOW-10', 'https://issues.apache.org/jira/rest/api/2/issue/12454496', NULL, '2006-11-23T15:07:57.000+0000',108,neutral,1,1
'12688386', 'EXEC-78', 'https://issues.apache.org/jira/rest/api/2/issue/12688386', NULL, '2014-01-11T10:42:57.000+0000',108,professional,1,1
'12979160', 'ZEPPELIN-1005', 'https://issues.apache.org/jira/rest/api/2/issue/12979160', NULL, '2016-06-14T21:30:42.000+0000',194,professional,1,1
'12372498', 'WSCOMMONS-209', 'https://issues.apache.org/jira/rest/api/2/issue/12372498', NULL, '2007-06-27T11:17:02.000+0000',191,professional,1,1
'12343962', 'TAPESTRY-982', 'https://issues.apache.org/jira/rest/api/2/issue/12343962', NULL, '2006-06-06T00:44:04.000+0000',547,professional,1,1
'12835022', 'CLOWNFISH-54', 'https://issues.apache.org/jira/rest/api/2/issue/12835022', NULL, '2015-06-03T11:57:34.000+0000',186,professional,1,1
'13431098', 'NUMBERS-186', 'https://issues.apache.org/jira/rest/api/2/issue/13431098', NULL, '2022-02-28T22:12:54.000+0000',494,professional,1,1
'12460705', 'PB-96', 'https://issues.apache.org/jira/rest/api/2/issue/12460705', NULL, '2010-03-30T14:09:17.000+0000',440,frustrated,1,1
'13103651', 'MJMOD-6', 'https://issues.apache.org/jira/rest/api/2/issue/13103651', NULL, '2017-09-20T16:03:12.000+0000',836,neutral,1,1
'13088319', 'IGNITE-5783', 'https://issues.apache.org/jira/rest/api/2/issue/13088319', NULL, '2017-07-19T07:58:12.000+0000',238,neutral,1,1
'13115641', 'ATLAS-2248', 'https://issues.apache.org/jira/rest/api/2/issue/13115641', NULL, '2017-11-02T14:32:39.000+0000',166,neutral,1,1
'12501865', 'PORTLETBRIDGE-197', 'https://issues.apache.org/jira/rest/api/2/issue/12501865', NULL, '2011-03-19T10:21:46.000+0000',659,professional,1,1
'12453966', 'SITE-8', 'https://issues.apache.org/jira/rest/api/2/issue/12453966', NULL, '2006-07-06T03:44:26.000+0000',139,professional,1,1
'12411059', 'FOR-1138', 'https://issues.apache.org/jira/rest/api/2/issue/12411059', NULL, '2008-12-19T16:16:29.000+0000',874,frustrated,1,1
'12459696', 'APA-31', 'https://issues.apache.org/jira/rest/api/2/issue/12459696', NULL, '2010-03-19T18:46:36.000+0000',149,neutral,1,1
'12714957', 'MAVIBOT-37', 'https://issues.apache.org/jira/rest/api/2/issue/12714957', NULL, '2014-05-17T12:39:52.000+0000',163,neutral,1,1
'13402751', 'PLC4X-315', 'https://issues.apache.org/jira/rest/api/2/issue/13402751', NULL, '2021-09-22T17:52:08.000+0000',1263,professional,1,1
'12374697', 'RIVER-69', 'https://issues.apache.org/jira/rest/api/2/issue/12374697', NULL, '2007-07-26T16:30:12.000+0000',179,frustrated,1,1
'13119094', 'AMATERASU-7', 'https://issues.apache.org/jira/rest/api/2/issue/13119094', NULL, '2017-11-17T03:01:44.000+0000',623,frustrated,1,1
'13272146', 'CALCITE-3564', 'https://issues.apache.org/jira/rest/api/2/issue/13272146', NULL, '2019-12-04T08:11:59.000+0000',934,frustrated,1,1
'12458645', 'EXTSCRIPT-93', 'https://issues.apache.org/jira/rest/api/2/issue/12458645', NULL, '2010-03-10T10:53:14.000+0000',128,professional,1,1
'12385704', 'SANDESHA2-134', 'https://issues.apache.org/jira/rest/api/2/issue/12385704', NULL, '2008-01-07T14:09:12.000+0000',966,frustrated,1,1
'13064453', 'MARCHETYPES-66', 'https://issues.apache.org/jira/rest/api/2/issue/13064453', NULL, '2017-04-17T18:30:08.000+0000',101,neutral,1,1
'13357739', 'MEAR-298', 'https://issues.apache.org/jira/rest/api/2/issue/13357739', NULL, '2021-02-09T11:20:55.000+0000',785,professional,1,1
'12522861', 'WOOKIE-238', 'https://issues.apache.org/jira/rest/api/2/issue/12522861', NULL, '2011-09-13T08:48:30.000+0000',201,neutral,1,1
'12726591', 'SHIRO-509', 'https://issues.apache.org/jira/rest/api/2/issue/12726591', NULL, '2014-07-10T14:14:48.000+0000',701,neutral,1,1
'12361706', 'HERALDRY-2', 'https://issues.apache.org/jira/rest/api/2/issue/12361706', NULL, '2007-02-01T01:50:06.000+0000',262,casual,1,1
'12545051', 'SANDBOX-404', 'https://issues.apache.org/jira/rest/api/2/issue/12545051', NULL, '2012-03-03T16:07:43.000+0000',113,neutral,1,1
'13307546', 'JCRVLT-439', 'https://issues.apache.org/jira/rest/api/2/issue/13307546', NULL, '2020-05-26T20:59:31.000+0000',616,neutral,1,1
'13359589', 'SAMOA-83', 'https://issues.apache.org/jira/rest/api/2/issue/13359589', NULL, '2021-02-19T13:41:33.000+0000',268,neutral,1,1
'13418251', 'MYFACES-4425', 'https://issues.apache.org/jira/rest/api/2/issue/13418251', NULL, '2021-12-17T14:01:04.000+0000',137,neutral,1,1
'12548204', 'NUVEM-16', 'https://issues.apache.org/jira/rest/api/2/issue/12548204', NULL, '2012-03-26T23:16:15.000+0000',287,neutral,1,1
'13329277', 'MSOURCES-129', 'https://issues.apache.org/jira/rest/api/2/issue/13329277', NULL, '2020-09-24T19:50:23.000+0000',589,professional,1,1
'13385990', 'HORN-41', 'https://issues.apache.org/jira/rest/api/2/issue/13385990', NULL, '2021-06-26T13:44:56.000+0000',401,professional,1,1
'13267570', 'YETUS-924', 'https://issues.apache.org/jira/rest/api/2/issue/13267570', NULL, '2019-11-11T23:39:43.000+0000',186,neutral,1,1
'12328746', 'STDCXX-141', 'https://issues.apache.org/jira/rest/api/2/issue/12328746', NULL, '2006-02-09T10:54:47.000+0000',796,neutral,1,1
'32012', 'JS2-246', 'https://issues.apache.org/jira/rest/api/2/issue/32012', NULL, '2005-04-26T21:33:11.000+0000',217,neutral,1,1
'13367471', 'MBUILDCACHE-1', 'https://issues.apache.org/jira/rest/api/2/issue/13367471', NULL, '2021-03-25T08:12:38.000+0000',184,neutral,1,1
'13361899', 'FLINK-21563', 'https://issues.apache.org/jira/rest/api/2/issue/13361899', NULL, '2021-03-02T15:52:14.000+0000',168,professional,1,1
'12429111', 'PIG-866', 'https://issues.apache.org/jira/rest/api/2/issue/12429111', NULL, '2009-06-29T18:23:00.000+0000',1027,frustrated,1,1
'13386504', 'ECHARTS-17', 'https://issues.apache.org/jira/rest/api/2/issue/13386504', NULL, '2021-06-29T11:44:38.000+0000',261,frustrated,1,1
'12962313', 'FC-169', 'https://issues.apache.org/jira/rest/api/2/issue/12962313', NULL, '2016-04-25T17:39:24.000+0000',131,professional,1,1
'10705', 'PNIX-47', 'https://issues.apache.org/jira/rest/api/2/issue/10705', NULL, '2003-04-23T09:28:23.000+0000',1279,professional,1,1
'13018778', 'SYNCOPE-964', 'https://issues.apache.org/jira/rest/api/2/issue/13018778', NULL, '2016-11-07T08:53:15.000+0000',824,professional,1,1
'13240523', 'OWB-1291', 'https://issues.apache.org/jira/rest/api/2/issue/13240523', NULL, '2019-06-19T22:25:24.000+0000',174,professional,1,1
'13444241', 'AMQNET-769', 'https://issues.apache.org/jira/rest/api/2/issue/13444241', NULL, '2022-05-10T19:02:41.000+0000',270,frustrated,1,1
'13414262', 'XALANC-814', 'https://issues.apache.org/jira/rest/api/2/issue/13414262', NULL, '2021-11-29T10:00:17.000+0000',685,frustrated,1,1
'12855522', 'MLINKCHECK-24', 'https://issues.apache.org/jira/rest/api/2/issue/12855522', NULL, '2015-08-12T11:45:14.000+0000',938,frustrated,1,1
'13366438', 'PIVOT-1056', 'https://issues.apache.org/jira/rest/api/2/issue/13366438', NULL, '2021-03-19T20:39:59.000+0000',195,neutral,1,1
'13047880', 'OMID-61', 'https://issues.apache.org/jira/rest/api/2/issue/13047880', NULL, '2017-03-03T01:16:12.000+0000',87,neutral,1,1
'12434137', 'CAY-1264', 'https://issues.apache.org/jira/rest/api/2/issue/12434137', NULL, '2009-08-27T09:03:02.000+0000',332,professional,1,1
'13068089', 'ARIA-164', 'https://issues.apache.org/jira/rest/api/2/issue/13068089', NULL, '2017-05-01T08:31:01.000+0000',246,neutral,1,1
'13435361', 'HOP-3860', 'https://issues.apache.org/jira/rest/api/2/issue/13435361', NULL, '2022-03-23T13:13:39.000+0000',499,frustrated,1,1
'12425677', 'FOR-1168', 'https://issues.apache.org/jira/rest/api/2/issue/12425677', NULL, '2009-05-17T10:54:02.000+0000',597,neutral,1,1
'29058', 'AXIS-1733', 'https://issues.apache.org/jira/rest/api/2/issue/29058', NULL, '2004-12-17T17:45:23.000+0000',671,frustrated,1,1
'12492192', 'XMLCOMMONS-12', 'https://issues.apache.org/jira/rest/api/2/issue/12492192', NULL, '2002-07-11T17:44:53.000+0000',324,frustrated,1,1
'13213385', 'ARROW-4451', 'https://issues.apache.org/jira/rest/api/2/issue/13213385', NULL, '2019-02-01T19:25:33.000+0000',167,neutral,1,1
'12621833', 'FOP-1444', 'https://issues.apache.org/jira/rest/api/2/issue/12621833', NULL, '2007-10-30T15:22:41.000+0000',483,frustrated,1,1
'13305845', 'CONNECTORS-1643', 'https://issues.apache.org/jira/rest/api/2/issue/13305845', NULL, '2020-05-19T08:22:03.000+0000',892,neutral,1,1
'12407219', 'COCOON3-8', 'https://issues.apache.org/jira/rest/api/2/issue/12407219', NULL, '2008-10-25T07:30:00.000+0000',678,professional,1,1
'12493963', 'ABDERA-276', 'https://issues.apache.org/jira/rest/api/2/issue/12493963', NULL, '2010-12-23T10:33:06.000+0000',358,professional,1,1
'12860267', 'SERF-149', 'https://issues.apache.org/jira/rest/api/2/issue/12860267', NULL, '2014-07-17T14:55:06.000+0000',153,neutral,1,1
'12937639', 'DOXIA-540', 'https://issues.apache.org/jira/rest/api/2/issue/12937639', NULL, '2016-02-08T21:05:55.000+0000',730,neutral,1,1
'13443285', 'ORP-13', 'https://issues.apache.org/jira/rest/api/2/issue/13443285', NULL, '2022-05-05T07:56:03.000+0000',204,neutral,1,1
'13061245', 'AIRAVATA-2359', 'https://issues.apache.org/jira/rest/api/2/issue/13061245', NULL, '2017-04-03T20:27:36.000+0000',436,neutral,1,1
'12417052', 'KAND-8', 'https://issues.apache.org/jira/rest/api/2/issue/12417052', NULL, '2009-03-17T11:11:04.000+0000',541,neutral,1,1
'12510471', 'KITTY-28', 'https://issues.apache.org/jira/rest/api/2/issue/12510471', NULL, '2011-06-15T16:53:41.000+0000',362,neutral,1,1
'12385391', 'SANDBOX-205', 'https://issues.apache.org/jira/rest/api/2/issue/12385391', NULL, '2008-01-01T20:20:38.000+0000',225,neutral,1,1
'12402817', 'WODEN-216', 'https://issues.apache.org/jira/rest/api/2/issue/12402817', NULL, '2008-08-21T20:36:44.000+0000',497,neutral,1,1
'13009536', 'LUCY-313', 'https://issues.apache.org/jira/rest/api/2/issue/13009536', NULL, '2016-10-04T13:02:00.000+0000',546,neutral,1,1
'12520167', 'MFHTML5-12', 'https://issues.apache.org/jira/rest/api/2/issue/12520167', NULL, '2011-08-25T21:46:36.000+0000',191,frustrated,1,1
'13306724', 'JXR-152', 'https://issues.apache.org/jira/rest/api/2/issue/13306724', NULL, '2020-05-22T09:26:13.000+0000',341,neutral,1,1
'13276748', 'MSHADE-342', 'https://issues.apache.org/jira/rest/api/2/issue/13276748', NULL, '2019-12-29T07:59:42.000+0000',198,neutral,1,1
'13436666', 'STREAMPIPES-519', 'https://issues.apache.org/jira/rest/api/2/issue/13436666', NULL, '2022-03-30T13:44:43.000+0000',178,neutral,1,1
'12709546', 'SIRONA-37', 'https://issues.apache.org/jira/rest/api/2/issue/12709546', NULL, '2014-04-21T13:30:48.000+0000',190,professional,1,1
'12549518', 'DIRSTUDIO-801', 'https://issues.apache.org/jira/rest/api/2/issue/12549518', NULL, '2012-04-04T15:24:29.000+0000',308,neutral,1,1
'12379188', 'XMLRPC-148', 'https://issues.apache.org/jira/rest/api/2/issue/12379188', NULL, '2007-09-27T10:53:09.000+0000',256,frustrated,1,1
'13409371', 'DIRMINA-1151', 'https://issues.apache.org/jira/rest/api/2/issue/13409371', NULL, '2021-11-01T06:50:33.000+0000',251,neutral,1,1
'12461158', 'OLIO-144', 'https://issues.apache.org/jira/rest/api/2/issue/12461158', NULL, '2010-04-05T17:09:47.000+0000',599,neutral,1,1
'13433560', 'DUBBO-82', 'https://issues.apache.org/jira/rest/api/2/issue/13433560', NULL, '2022-03-14T03:31:59.000+0000',374,neutral,1,1
'13405621', 'ASFSITE-18', 'https://issues.apache.org/jira/rest/api/2/issue/13405621', NULL, '2021-10-08T13:09:59.000+0000',296,frustrated,1,1
'13341189', 'APISIX-10', 'https://issues.apache.org/jira/rest/api/2/issue/13341189', NULL, '2020-11-18T02:23:05.000+0000',127,neutral,1,1
'12332024', 'ADDR-21', 'https://issues.apache.org/jira/rest/api/2/issue/12332024', NULL, '2006-04-13T13:23:30.000+0000',347,neutral,1,1
'13355948', 'MNG-7091', 'https://issues.apache.org/jira/rest/api/2/issue/13355948', NULL, '2021-02-01T13:51:21.000+0000',198,professional,1,1
'13433836', 'FLINK-26651', 'https://issues.apache.org/jira/rest/api/2/issue/13433836', NULL, '2022-03-15T10:02:51.000+0000',465,frustrated,1,1
